{
    "apps": [{
        "name": "kaikeba_h5",
        "script": "bin/index.js",
        "instances": 0,
        "exec_mode": "cluster",
        "error_file"  : "/dev/null",
        "out_file"    : "/dev/null",
        "env": {
            "NODE_ENV": "development"
        },
        "env_production": {
            "NODE_ENV": "production"
        },
        "env_stage": {
            "NODE_ENV": "stage",
            "DEBUG": "gxb"
        },
        "env_pre": {
            "NODE_ENV": "pre"
        },
         "env_dev": {
            "NODE_ENV": "dev"
        },
        "watch": ["bin"]
    }]
}
